id,role_id,page_name,can_access,created_at,updated_at
12075,36,services,True,2026-05-03 19:08:43.890000,2026-05-03 19:08:43.890000
12076,37,services,True,2026-05-03 19:08:43.900000,2026-05-03 19:08:43.900000
12077,95,services,True,2026-05-03 19:08:43.907000,2026-05-03 19:08:43.907000
12078,9,services,True,2026-05-03 19:08:43.917000,2026-05-03 19:08:43.917000
12079,38,services,True,2026-05-03 19:08:43.920000,2026-05-03 19:08:43.920000
12080,14,services,True,2026-05-03 19:08:43.927000,2026-05-03 19:08:43.927000
12081,97,services,True,2026-05-03 19:08:43.933000,2026-05-03 19:08:43.933000
12082,74,services,True,2026-05-03 19:08:43.937000,2026-05-03 19:08:43.937000
12083,73,services,True,2026-05-03 19:08:43.950000,2026-05-03 19:08:43.950000
12084,19,services,True,2026-05-03 19:08:43.950000,2026-05-03 19:08:43.950000
12085,67,services,True,2026-05-03 19:08:43.957000,2026-05-03 19:08:43.957000
12086,76,services,True,2026-05-03 19:08:43.963000,2026-05-03 19:08:43.963000
12087,50,services,True,2026-05-03 19:08:43.967000,2026-05-03 19:08:43.967000
12088,87,services,True,2026-05-03 19:08:43.973000,2026-05-03 19:08:43.973000
12089,71,services,True,2026-05-03 19:08:43.980000,2026-05-03 19:08:43.980000
12090,1,services,True,2026-05-03 19:08:43.983000,2026-05-03 19:08:43.983000
12091,86,services,True,2026-05-03 19:08:43.993000,2026-05-03 19:08:43.993000
12092,20,services,True,2026-05-03 19:08:43.993000,2026-05-03 19:08:43.993000
12093,100,services,True,2026-05-03 19:08:43.997000,2026-05-03 19:08:43.997000
12094,32,services,True,2026-05-03 19:08:44,2026-05-03 19:08:44
12095,13,services,True,2026-05-03 19:08:44.003000,2026-05-03 19:08:44.003000
12096,23,services,True,2026-05-03 19:08:44.010000,2026-05-03 19:08:44.010000
12097,90,services,True,2026-05-03 19:08:44.013000,2026-05-03 19:08:44.013000
12098,82,services,True,2026-05-03 19:08:44.020000,2026-05-03 19:08:44.020000
12099,88,services,True,2026-05-03 19:08:44.030000,2026-05-03 19:08:44.030000
12100,11,services,True,2026-05-03 19:08:44.033000,2026-05-03 19:08:44.033000
12101,96,services,True,2026-05-03 19:08:44.043000,2026-05-03 19:08:44.043000
12102,29,services,True,2026-05-03 19:08:44.047000,2026-05-03 19:08:44.047000
12103,30,services,True,2026-05-03 19:08:44.050000,2026-05-03 19:08:44.050000
12104,65,services,True,2026-05-03 19:08:44.050000,2026-05-03 19:08:44.050000
12105,81,services,True,2026-05-03 19:08:44.060000,2026-05-03 19:08:44.060000
12106,3,services,True,2026-05-03 19:08:44.063000,2026-05-03 19:08:44.063000
12107,84,services,True,2026-05-03 19:08:44.067000,2026-05-03 19:08:44.067000
12108,85,services,True,2026-05-03 19:08:44.070000,2026-05-03 19:08:44.070000
12109,16,services,True,2026-05-03 19:08:44.070000,2026-05-03 19:08:44.070000
12110,61,services,True,2026-05-03 19:08:44.073000,2026-05-03 19:08:44.073000
12111,98,services,True,2026-05-03 19:08:44.077000,2026-05-03 19:08:44.077000
12112,8,services,True,2026-05-03 19:08:44.080000,2026-05-03 19:08:44.080000
12113,34,services,True,2026-05-03 19:08:44.080000,2026-05-03 19:08:44.080000
12114,31,services,True,2026-05-03 19:08:44.083000,2026-05-03 19:08:44.083000
12115,89,services,True,2026-05-03 19:08:44.087000,2026-05-03 19:08:44.087000
12116,46,services,True,2026-05-03 19:08:44.087000,2026-05-03 19:08:44.087000
12117,18,services,True,2026-05-03 19:08:44.090000,2026-05-03 19:08:44.090000
12118,48,services,True,2026-05-03 19:08:44.093000,2026-05-03 19:08:44.093000
12119,26,services,True,2026-05-03 19:08:44.093000,2026-05-03 19:08:44.093000
12120,93,services,True,2026-05-03 19:08:44.097000,2026-05-03 19:08:44.097000
12121,15,services,True,2026-05-03 19:08:44.100000,2026-05-03 19:08:44.100000
12122,54,services,True,2026-05-03 19:08:44.100000,2026-05-03 19:08:44.100000
12123,27,services,True,2026-05-03 19:08:44.103000,2026-05-03 19:08:44.103000
12124,2,services,True,2026-05-03 19:08:44.107000,2026-05-03 19:08:44.107000
12125,40,services,True,2026-05-03 19:08:44.107000,2026-05-03 19:08:44.107000
12126,68,services,True,2026-05-03 19:08:44.110000,2026-05-03 19:08:44.110000
12127,43,services,True,2026-05-03 19:08:44.113000,2026-05-03 19:08:44.113000
12128,55,services,True,2026-05-03 19:08:44.113000,2026-05-03 19:08:44.113000
12129,25,services,True,2026-05-03 19:08:44.117000,2026-05-03 19:08:44.117000
12130,62,services,True,2026-05-03 19:08:44.120000,2026-05-03 19:08:44.120000
12131,47,services,True,2026-05-03 19:08:44.120000,2026-05-03 19:08:44.120000
12132,99,services,True,2026-05-03 19:08:44.123000,2026-05-03 19:08:44.123000
12133,21,services,True,2026-05-03 19:08:44.127000,2026-05-03 19:08:44.127000
12134,41,services,True,2026-05-03 19:08:44.130000,2026-05-03 19:08:44.130000
12135,28,services,True,2026-05-03 19:08:44.130000,2026-05-03 19:08:44.130000
12136,56,services,True,2026-05-03 19:08:44.133000,2026-05-03 19:08:44.133000
12137,49,services,True,2026-05-03 19:08:44.137000,2026-05-03 19:08:44.137000
12138,42,services,True,2026-05-03 19:08:44.140000,2026-05-03 19:08:44.140000
12139,10,services,True,2026-05-03 19:08:44.140000,2026-05-03 19:08:44.140000
12140,66,services,True,2026-05-03 19:08:44.143000,2026-05-03 19:08:44.143000
12141,94,services,True,2026-05-03 19:08:44.147000,2026-05-03 19:08:44.147000
12142,45,services,True,2026-05-03 19:08:44.150000,2026-05-03 19:08:44.150000
12143,17,services,True,2026-05-03 19:08:44.150000,2026-05-03 19:08:44.150000
12144,12,services,True,2026-05-03 19:08:44.153000,2026-05-03 19:08:44.153000
12145,59,services,True,2026-05-03 19:08:44.157000,2026-05-03 19:08:44.157000
12146,51,services,True,2026-05-03 19:08:44.160000,2026-05-03 19:08:44.160000
12147,64,services,True,2026-05-03 19:08:44.160000,2026-05-03 19:08:44.160000
12148,91,services,True,2026-05-03 19:08:44.163000,2026-05-03 19:08:44.163000
12149,39,services,True,2026-05-03 19:08:44.167000,2026-05-03 19:08:44.167000
12150,75,services,True,2026-05-03 19:08:44.170000,2026-05-03 19:08:44.170000
12151,53,services,True,2026-05-03 19:08:44.170000,2026-05-03 19:08:44.170000
12152,63,services,True,2026-05-03 19:08:44.173000,2026-05-03 19:08:44.173000
12153,35,services,True,2026-05-03 19:08:44.177000,2026-05-03 19:08:44.177000
12154,60,services,True,2026-05-03 19:08:44.180000,2026-05-03 19:08:44.180000
12155,79,services,True,2026-05-03 19:08:44.180000,2026-05-03 19:08:44.180000
12156,78,services,True,2026-05-03 19:08:44.183000,2026-05-03 19:08:44.183000
12157,44,services,True,2026-05-03 19:08:44.183000,2026-05-03 19:08:44.183000
12158,22,services,True,2026-05-03 19:08:44.187000,2026-05-03 19:08:44.187000
12159,24,services,True,2026-05-03 19:08:44.190000,2026-05-03 19:08:44.190000
12160,92,services,True,2026-05-03 19:08:44.190000,2026-05-03 19:08:44.190000
12161,58,services,True,2026-05-03 19:08:44.193000,2026-05-03 19:08:44.193000
12162,80,services,True,2026-05-03 19:08:44.193000,2026-05-03 19:08:44.193000
12163,77,services,True,2026-05-03 19:08:44.197000,2026-05-03 19:08:44.197000
12164,83,services,True,2026-05-03 19:08:44.200000,2026-05-03 19:08:44.200000
12165,7,services,True,2026-05-03 19:08:44.203000,2026-05-03 19:08:44.203000
12166,57,services,True,2026-05-03 19:08:44.203000,2026-05-03 19:08:44.203000
12167,69,services,True,2026-05-03 19:08:44.207000,2026-05-03 19:08:44.207000
12168,33,services,True,2026-05-03 19:08:44.210000,2026-05-03 19:08:44.210000
12169,70,services,True,2026-05-03 19:08:44.210000,2026-05-03 19:08:44.210000
12170,52,services,True,2026-05-03 19:08:44.213000,2026-05-03 19:08:44.213000
12171,72,services,True,2026-05-03 19:08:44.213000,2026-05-03 19:08:44.213000
12172,36,ledger,True,2026-05-03 19:08:44.223000,2026-05-03 19:08:44.223000
12173,37,ledger,True,2026-05-03 19:08:44.227000,2026-05-03 19:08:44.227000
12174,95,ledger,True,2026-05-03 19:08:44.227000,2026-05-03 19:08:44.227000
12175,9,ledger,True,2026-05-03 19:08:44.230000,2026-05-03 19:08:44.230000
12176,38,ledger,True,2026-05-03 19:08:44.230000,2026-05-03 19:08:44.230000
12177,14,ledger,True,2026-05-03 19:08:44.233000,2026-05-03 19:08:44.233000
12178,97,ledger,True,2026-05-03 19:08:44.237000,2026-05-03 19:08:44.237000
12179,74,ledger,True,2026-05-03 19:08:44.237000,2026-05-03 19:08:44.237000
12180,73,ledger,True,2026-05-03 19:08:44.240000,2026-05-03 19:08:44.240000
12181,19,ledger,True,2026-05-03 19:08:44.240000,2026-05-03 19:08:44.240000
12182,67,ledger,True,2026-05-03 19:08:44.243000,2026-05-03 19:08:44.243000
12183,76,ledger,True,2026-05-03 19:08:44.247000,2026-05-03 19:08:44.247000
12184,50,ledger,True,2026-05-03 19:08:44.247000,2026-05-03 19:08:44.247000
12185,87,ledger,True,2026-05-03 19:08:44.250000,2026-05-03 19:08:44.250000
12186,71,ledger,True,2026-05-03 19:08:44.250000,2026-05-03 19:08:44.250000
12187,1,ledger,True,2026-05-03 19:08:44.253000,2026-05-03 19:08:44.253000
12188,86,ledger,True,2026-05-03 19:08:44.257000,2026-05-03 19:08:44.257000
12189,20,ledger,True,2026-05-03 19:08:44.260000,2026-05-03 19:08:44.260000
12190,100,ledger,True,2026-05-03 19:08:44.260000,2026-05-03 19:08:44.260000
12191,32,ledger,True,2026-05-03 19:08:44.263000,2026-05-03 19:08:44.263000
12192,13,ledger,True,2026-05-03 19:08:44.267000,2026-05-03 19:08:44.267000
12193,23,ledger,True,2026-05-03 19:08:44.267000,2026-05-03 19:08:44.267000
12194,90,ledger,True,2026-05-03 19:08:44.270000,2026-05-03 19:08:44.270000
12195,82,ledger,True,2026-05-03 19:08:44.273000,2026-05-03 19:08:44.273000
12196,88,ledger,True,2026-05-03 19:08:44.273000,2026-05-03 19:08:44.273000
12197,11,ledger,True,2026-05-03 19:08:44.277000,2026-05-03 19:08:44.277000
12198,96,ledger,True,2026-05-03 19:08:44.280000,2026-05-03 19:08:44.280000
12199,29,ledger,True,2026-05-03 19:08:44.283000,2026-05-03 19:08:44.283000
12200,30,ledger,True,2026-05-03 19:08:44.283000,2026-05-03 19:08:44.283000
12201,65,ledger,True,2026-05-03 19:08:44.287000,2026-05-03 19:08:44.287000
12202,81,ledger,True,2026-05-03 19:08:44.290000,2026-05-03 19:08:44.290000
12203,3,ledger,True,2026-05-03 19:08:44.290000,2026-05-03 19:08:44.290000
12204,84,ledger,True,2026-05-03 19:08:44.293000,2026-05-03 19:08:44.293000
12205,85,ledger,True,2026-05-03 19:08:44.297000,2026-05-03 19:08:44.297000
12206,16,ledger,True,2026-05-03 19:08:44.300000,2026-05-03 19:08:44.300000
12207,61,ledger,True,2026-05-03 19:08:44.300000,2026-05-03 19:08:44.300000
12208,98,ledger,True,2026-05-03 19:08:44.303000,2026-05-03 19:08:44.303000
12209,8,ledger,True,2026-05-03 19:08:44.307000,2026-05-03 19:08:44.307000
12210,34,ledger,True,2026-05-03 19:08:44.310000,2026-05-03 19:08:44.310000
12211,31,ledger,True,2026-05-03 19:08:44.310000,2026-05-03 19:08:44.310000
12212,89,ledger,True,2026-05-03 19:08:44.313000,2026-05-03 19:08:44.313000
12213,46,ledger,True,2026-05-03 19:08:44.317000,2026-05-03 19:08:44.317000
12214,18,ledger,True,2026-05-03 19:08:44.320000,2026-05-03 19:08:44.320000
12215,48,ledger,True,2026-05-03 19:08:44.320000,2026-05-03 19:08:44.320000
12216,26,ledger,True,2026-05-03 19:08:44.323000,2026-05-03 19:08:44.323000
12217,93,ledger,True,2026-05-03 19:08:44.327000,2026-05-03 19:08:44.327000
12218,15,ledger,True,2026-05-03 19:08:44.327000,2026-05-03 19:08:44.327000
12219,54,ledger,True,2026-05-03 19:08:44.330000,2026-05-03 19:08:44.330000
12220,27,ledger,True,2026-05-03 19:08:44.333000,2026-05-03 19:08:44.333000
12221,2,ledger,True,2026-05-03 19:08:44.337000,2026-05-03 19:08:44.337000
12222,40,ledger,True,2026-05-03 19:08:44.340000,2026-05-03 19:08:44.340000
12223,68,ledger,True,2026-05-03 19:08:44.340000,2026-05-03 19:08:44.340000
12224,43,ledger,True,2026-05-03 19:08:44.343000,2026-05-03 19:08:44.343000
12225,55,ledger,True,2026-05-03 19:08:44.343000,2026-05-03 19:08:44.343000
12226,25,ledger,True,2026-05-03 19:08:44.347000,2026-05-03 19:08:44.347000
12227,62,ledger,True,2026-05-03 19:08:44.350000,2026-05-03 19:08:44.350000
12228,47,ledger,True,2026-05-03 19:08:44.353000,2026-05-03 19:08:44.353000
12229,99,ledger,True,2026-05-03 19:08:44.353000,2026-05-03 19:08:44.353000
12230,21,ledger,True,2026-05-03 19:08:44.357000,2026-05-03 19:08:44.357000
12231,41,ledger,True,2026-05-03 19:08:44.360000,2026-05-03 19:08:44.360000
12232,28,ledger,True,2026-05-03 19:08:44.363000,2026-05-03 19:08:44.363000
12233,56,ledger,True,2026-05-03 19:08:44.367000,2026-05-03 19:08:44.367000
12234,49,ledger,True,2026-05-03 19:08:44.370000,2026-05-03 19:08:44.370000
12235,42,ledger,True,2026-05-03 19:08:44.370000,2026-05-03 19:08:44.370000
12236,10,ledger,True,2026-05-03 19:08:44.373000,2026-05-03 19:08:44.373000
12237,66,ledger,True,2026-05-03 19:08:44.373000,2026-05-03 19:08:44.373000
12238,94,ledger,True,2026-05-03 19:08:44.377000,2026-05-03 19:08:44.377000
12239,45,ledger,True,2026-05-03 19:08:44.380000,2026-05-03 19:08:44.380000
12240,17,ledger,True,2026-05-03 19:08:44.383000,2026-05-03 19:08:44.383000
12241,12,ledger,True,2026-05-03 19:08:44.383000,2026-05-03 19:08:44.383000
12242,59,ledger,True,2026-05-03 19:08:44.387000,2026-05-03 19:08:44.387000
12243,51,ledger,True,2026-05-03 19:08:44.390000,2026-05-03 19:08:44.390000
12244,64,ledger,True,2026-05-03 19:08:44.390000,2026-05-03 19:08:44.390000
12245,91,ledger,True,2026-05-03 19:08:44.393000,2026-05-03 19:08:44.393000
12246,39,ledger,True,2026-05-03 19:08:44.397000,2026-05-03 19:08:44.397000
12247,75,ledger,True,2026-05-03 19:08:44.400000,2026-05-03 19:08:44.400000
12248,53,ledger,True,2026-05-03 19:08:44.403000,2026-05-03 19:08:44.403000
12249,63,ledger,True,2026-05-03 19:08:44.407000,2026-05-03 19:08:44.407000
12250,35,ledger,True,2026-05-03 19:08:44.410000,2026-05-03 19:08:44.410000
12251,60,ledger,True,2026-05-03 19:08:44.413000,2026-05-03 19:08:44.413000
12252,79,ledger,True,2026-05-03 19:08:44.417000,2026-05-03 19:08:44.417000
12253,78,ledger,True,2026-05-03 19:08:44.420000,2026-05-03 19:08:44.420000
12254,44,ledger,True,2026-05-03 19:08:44.420000,2026-05-03 19:08:44.420000
12255,22,ledger,True,2026-05-03 19:08:44.423000,2026-05-03 19:08:44.423000
12256,24,ledger,True,2026-05-03 19:08:44.427000,2026-05-03 19:08:44.427000
12257,92,ledger,True,2026-05-03 19:08:44.430000,2026-05-03 19:08:44.430000
12258,58,ledger,True,2026-05-03 19:08:44.433000,2026-05-03 19:08:44.433000
12259,80,ledger,True,2026-05-03 19:08:44.433000,2026-05-03 19:08:44.433000
12260,77,ledger,True,2026-05-03 19:08:44.437000,2026-05-03 19:08:44.437000
12261,83,ledger,True,2026-05-03 19:08:44.440000,2026-05-03 19:08:44.440000
12262,7,ledger,True,2026-05-03 19:08:44.440000,2026-05-03 19:08:44.440000
12263,57,ledger,True,2026-05-03 19:08:44.443000,2026-05-03 19:08:44.443000
12264,69,ledger,True,2026-05-03 19:08:44.447000,2026-05-03 19:08:44.447000
12265,33,ledger,True,2026-05-03 19:08:44.450000,2026-05-03 19:08:44.450000
12266,70,ledger,True,2026-05-03 19:08:44.450000,2026-05-03 19:08:44.450000
12267,52,ledger,True,2026-05-03 19:08:44.453000,2026-05-03 19:08:44.453000
12268,72,ledger,True,2026-05-03 19:08:44.457000,2026-05-03 19:08:44.457000
12269,36,auxiliary,True,2026-05-03 19:08:44.463000,2026-05-03 19:08:44.463000
12270,37,auxiliary,True,2026-05-03 19:08:44.467000,2026-05-03 19:08:44.467000
12271,95,auxiliary,True,2026-05-03 19:08:44.470000,2026-05-03 19:08:44.470000
12272,9,auxiliary,True,2026-05-03 19:08:44.473000,2026-05-03 19:08:44.473000
12273,38,auxiliary,True,2026-05-03 19:08:44.477000,2026-05-03 19:08:44.477000
12274,14,auxiliary,True,2026-05-03 19:08:44.477000,2026-05-03 19:08:44.477000
12275,97,auxiliary,True,2026-05-03 19:08:44.480000,2026-05-03 19:08:44.480000
12276,74,auxiliary,True,2026-05-03 19:08:44.480000,2026-05-03 19:08:44.480000
12277,73,auxiliary,True,2026-05-03 19:08:44.483000,2026-05-03 19:08:44.483000
12278,19,auxiliary,True,2026-05-03 19:08:44.487000,2026-05-03 19:08:44.487000
12279,67,auxiliary,True,2026-05-03 19:08:44.487000,2026-05-03 19:08:44.487000
12280,76,auxiliary,True,2026-05-03 19:08:44.490000,2026-05-03 19:08:44.490000
12281,50,auxiliary,True,2026-05-03 19:08:44.493000,2026-05-03 19:08:44.493000
12282,87,auxiliary,True,2026-05-03 19:08:44.493000,2026-05-03 19:08:44.493000
12283,71,auxiliary,True,2026-05-03 19:08:44.497000,2026-05-03 19:08:44.497000
12284,1,auxiliary,True,2026-05-03 19:08:44.500000,2026-05-03 19:08:44.500000
12285,86,auxiliary,True,2026-05-03 19:08:44.500000,2026-05-03 19:08:44.500000
12286,20,auxiliary,True,2026-05-03 19:08:44.503000,2026-05-03 19:08:44.503000
12287,100,auxiliary,True,2026-05-03 19:08:44.507000,2026-05-03 19:08:44.507000
12288,32,auxiliary,True,2026-05-03 19:08:44.510000,2026-05-03 19:08:44.510000
12289,13,auxiliary,True,2026-05-03 19:08:44.510000,2026-05-03 19:08:44.510000
12290,23,auxiliary,True,2026-05-03 19:08:44.513000,2026-05-03 19:08:44.513000
12291,90,auxiliary,True,2026-05-03 19:08:44.513000,2026-05-03 19:08:44.513000
12292,82,auxiliary,True,2026-05-03 19:08:44.517000,2026-05-03 19:08:44.517000
12293,88,auxiliary,True,2026-05-03 19:08:44.517000,2026-05-03 19:08:44.517000
12294,11,auxiliary,True,2026-05-03 19:08:44.520000,2026-05-03 19:08:44.520000
12295,96,auxiliary,True,2026-05-03 19:08:44.520000,2026-05-03 19:08:44.520000
12296,29,auxiliary,True,2026-05-03 19:08:44.523000,2026-05-03 19:08:44.523000
12297,30,auxiliary,True,2026-05-03 19:08:44.527000,2026-05-03 19:08:44.527000
12298,65,auxiliary,True,2026-05-03 19:08:44.530000,2026-05-03 19:08:44.530000
12299,81,auxiliary,True,2026-05-03 19:08:44.530000,2026-05-03 19:08:44.530000
12300,3,auxiliary,True,2026-05-03 19:08:44.533000,2026-05-03 19:08:44.533000
12301,84,auxiliary,True,2026-05-03 19:08:44.537000,2026-05-03 19:08:44.537000
12302,85,auxiliary,True,2026-05-03 19:08:44.540000,2026-05-03 19:08:44.540000
12303,16,auxiliary,True,2026-05-03 19:08:44.540000,2026-05-03 19:08:44.540000
12304,61,auxiliary,True,2026-05-03 19:08:44.543000,2026-05-03 19:08:44.543000
12305,98,auxiliary,True,2026-05-03 19:08:44.547000,2026-05-03 19:08:44.547000
12306,8,auxiliary,True,2026-05-03 19:08:44.547000,2026-05-03 19:08:44.547000
12307,34,auxiliary,True,2026-05-03 19:08:44.550000,2026-05-03 19:08:44.550000
12308,31,auxiliary,True,2026-05-03 19:08:44.553000,2026-05-03 19:08:44.553000
12309,89,auxiliary,True,2026-05-03 19:08:44.553000,2026-05-03 19:08:44.553000
12310,46,auxiliary,True,2026-05-03 19:08:44.557000,2026-05-03 19:08:44.557000
12311,18,auxiliary,True,2026-05-03 19:08:44.560000,2026-05-03 19:08:44.560000
12312,48,auxiliary,True,2026-05-03 19:08:44.560000,2026-05-03 19:08:44.560000
12313,26,auxiliary,True,2026-05-03 19:08:44.563000,2026-05-03 19:08:44.563000
12314,93,auxiliary,True,2026-05-03 19:08:44.567000,2026-05-03 19:08:44.567000
12315,15,auxiliary,True,2026-05-03 19:08:44.570000,2026-05-03 19:08:44.570000
12316,54,auxiliary,True,2026-05-03 19:08:44.570000,2026-05-03 19:08:44.570000
12317,27,auxiliary,True,2026-05-03 19:08:44.573000,2026-05-03 19:08:44.573000
12318,2,auxiliary,True,2026-05-03 19:08:44.577000,2026-05-03 19:08:44.577000
12319,40,auxiliary,True,2026-05-03 19:08:44.577000,2026-05-03 19:08:44.577000
12320,68,auxiliary,True,2026-05-03 19:08:44.580000,2026-05-03 19:08:44.580000
12321,43,auxiliary,True,2026-05-03 19:08:44.583000,2026-05-03 19:08:44.583000
12322,55,auxiliary,True,2026-05-03 19:08:44.583000,2026-05-03 19:08:44.583000
12323,25,auxiliary,True,2026-05-03 19:08:44.587000,2026-05-03 19:08:44.587000
12324,62,auxiliary,True,2026-05-03 19:08:44.590000,2026-05-03 19:08:44.590000
12325,47,auxiliary,True,2026-05-03 19:08:44.590000,2026-05-03 19:08:44.590000
12326,99,auxiliary,True,2026-05-03 19:08:44.593000,2026-05-03 19:08:44.593000
12327,21,auxiliary,True,2026-05-03 19:08:44.593000,2026-05-03 19:08:44.593000
12328,41,auxiliary,True,2026-05-03 19:08:44.597000,2026-05-03 19:08:44.597000
12329,28,auxiliary,True,2026-05-03 19:08:44.600000,2026-05-03 19:08:44.600000
12330,56,auxiliary,True,2026-05-03 19:08:44.600000,2026-05-03 19:08:44.600000
12331,49,auxiliary,True,2026-05-03 19:08:44.603000,2026-05-03 19:08:44.603000
12332,42,auxiliary,True,2026-05-03 19:08:44.607000,2026-05-03 19:08:44.607000
12333,10,auxiliary,True,2026-05-03 19:08:44.610000,2026-05-03 19:08:44.610000
12334,66,auxiliary,True,2026-05-03 19:08:44.610000,2026-05-03 19:08:44.610000
12335,94,auxiliary,True,2026-05-03 19:08:44.613000,2026-05-03 19:08:44.613000
12336,45,auxiliary,True,2026-05-03 19:08:44.617000,2026-05-03 19:08:44.617000
12337,17,auxiliary,True,2026-05-03 19:08:44.620000,2026-05-03 19:08:44.620000
12338,12,auxiliary,True,2026-05-03 19:08:44.620000,2026-05-03 19:08:44.620000
12339,59,auxiliary,True,2026-05-03 19:08:44.623000,2026-05-03 19:08:44.623000
12340,51,auxiliary,True,2026-05-03 19:08:44.623000,2026-05-03 19:08:44.623000
12341,64,auxiliary,True,2026-05-03 19:08:44.627000,2026-05-03 19:08:44.627000
12342,91,auxiliary,True,2026-05-03 19:08:44.630000,2026-05-03 19:08:44.630000
12343,39,auxiliary,True,2026-05-03 19:08:44.633000,2026-05-03 19:08:44.633000
12344,75,auxiliary,True,2026-05-03 19:08:44.637000,2026-05-03 19:08:44.637000
12345,53,auxiliary,True,2026-05-03 19:08:44.640000,2026-05-03 19:08:44.640000
12346,63,auxiliary,True,2026-05-03 19:08:44.650000,2026-05-03 19:08:44.650000
12347,35,auxiliary,True,2026-05-03 19:08:44.650000,2026-05-03 19:08:44.650000
12348,60,auxiliary,True,2026-05-03 19:08:44.657000,2026-05-03 19:08:44.657000
12349,79,auxiliary,True,2026-05-03 19:08:44.660000,2026-05-03 19:08:44.660000
12350,78,auxiliary,True,2026-05-03 19:08:44.670000,2026-05-03 19:08:44.670000
12351,44,auxiliary,True,2026-05-03 19:08:44.673000,2026-05-03 19:08:44.673000
12352,22,auxiliary,True,2026-05-03 19:08:44.680000,2026-05-03 19:08:44.680000
12353,24,auxiliary,True,2026-05-03 19:08:44.687000,2026-05-03 19:08:44.687000
12354,92,auxiliary,True,2026-05-03 19:08:44.690000,2026-05-03 19:08:44.690000
12355,58,auxiliary,True,2026-05-03 19:08:44.703000,2026-05-03 19:08:44.703000
12356,80,auxiliary,True,2026-05-03 19:08:44.707000,2026-05-03 19:08:44.707000
12357,77,auxiliary,True,2026-05-03 19:08:44.720000,2026-05-03 19:08:44.720000
12358,83,auxiliary,True,2026-05-03 19:08:44.723000,2026-05-03 19:08:44.723000
12359,7,auxiliary,True,2026-05-03 19:08:44.740000,2026-05-03 19:08:44.740000
12360,57,auxiliary,True,2026-05-03 19:08:44.743000,2026-05-03 19:08:44.743000
12361,69,auxiliary,True,2026-05-03 19:08:44.750000,2026-05-03 19:08:44.750000
12362,33,auxiliary,True,2026-05-03 19:08:44.757000,2026-05-03 19:08:44.757000
12363,70,auxiliary,True,2026-05-03 19:08:44.763000,2026-05-03 19:08:44.763000
12364,52,auxiliary,True,2026-05-03 19:08:44.770000,2026-05-03 19:08:44.770000
12365,72,auxiliary,True,2026-05-03 19:08:44.777000,2026-05-03 19:08:44.777000
12366,36,accounting-transactions,True,2026-05-03 19:08:44.913000,2026-05-03 19:08:44.913000
12367,36,business-track,True,2026-05-03 19:08:44.930000,2026-05-03 19:08:44.930000
12368,37,accounting-transactions,True,2026-05-03 19:08:44.943000,2026-05-03 19:08:44.943000
12369,37,business-track,True,2026-05-03 19:08:44.950000,2026-05-03 19:08:44.950000
12370,95,accounting-transactions,True,2026-05-03 19:08:44.957000,2026-05-03 19:08:44.957000
12371,95,business-track,True,2026-05-03 19:08:44.963000,2026-05-03 19:08:44.963000
12372,9,accounting-transactions,True,2026-05-03 19:08:44.970000,2026-05-03 19:08:44.970000
12373,9,business-track,True,2026-05-03 19:08:44.973000,2026-05-03 19:08:44.973000
12374,38,accounting-transactions,True,2026-05-03 19:08:44.977000,2026-05-03 19:08:44.977000
12375,38,business-track,True,2026-05-03 19:08:44.977000,2026-05-03 19:08:44.977000
12376,14,accounting-transactions,True,2026-05-03 19:08:44.980000,2026-05-03 19:08:44.980000
12377,14,business-track,True,2026-05-03 19:08:44.983000,2026-05-03 19:08:44.983000
12378,97,accounting-transactions,True,2026-05-03 19:08:44.987000,2026-05-03 19:08:44.987000
12379,97,business-track,True,2026-05-03 19:08:44.993000,2026-05-03 19:08:44.993000
12380,74,accounting-transactions,True,2026-05-03 19:08:44.997000,2026-05-03 19:08:44.997000
12381,74,business-track,True,2026-05-03 19:08:45,2026-05-03 19:08:45
12382,73,accounting-transactions,True,2026-05-03 19:08:45.010000,2026-05-03 19:08:45.010000
12383,73,business-track,True,2026-05-03 19:08:45.013000,2026-05-03 19:08:45.013000
12384,19,accounting-transactions,True,2026-05-03 19:08:45.013000,2026-05-03 19:08:45.013000
12385,19,business-track,True,2026-05-03 19:08:45.020000,2026-05-03 19:08:45.020000
12386,67,accounting-transactions,True,2026-05-03 19:08:45.030000,2026-05-03 19:08:45.030000
12387,67,business-track,True,2026-05-03 19:08:45.033000,2026-05-03 19:08:45.033000
12388,76,accounting-transactions,True,2026-05-03 19:08:45.040000,2026-05-03 19:08:45.040000
12389,76,business-track,True,2026-05-03 19:08:45.047000,2026-05-03 19:08:45.047000
12390,50,accounting-transactions,True,2026-05-03 19:08:45.047000,2026-05-03 19:08:45.047000
12391,50,business-track,True,2026-05-03 19:08:45.053000,2026-05-03 19:08:45.053000
12392,87,accounting-transactions,True,2026-05-03 19:08:45.060000,2026-05-03 19:08:45.060000
12393,87,business-track,True,2026-05-03 19:08:45.063000,2026-05-03 19:08:45.063000
12394,71,accounting-transactions,True,2026-05-03 19:08:45.067000,2026-05-03 19:08:45.067000
12395,71,business-track,True,2026-05-03 19:08:45.077000,2026-05-03 19:08:45.077000
12396,1,accounting-transactions,True,2026-05-03 19:08:45.080000,2026-05-03 19:08:45.080000
12397,1,business-track,True,2026-05-03 19:08:45.087000,2026-05-03 19:08:45.087000
12398,86,accounting-transactions,True,2026-05-03 19:08:45.090000,2026-05-03 19:08:45.090000
12399,86,business-track,True,2026-05-03 19:08:45.097000,2026-05-03 19:08:45.097000
12400,20,accounting-transactions,True,2026-05-03 19:08:45.100000,2026-05-03 19:08:45.100000
12401,20,business-track,True,2026-05-03 19:08:45.110000,2026-05-03 19:08:45.110000
12402,100,accounting-transactions,True,2026-05-03 19:08:45.113000,2026-05-03 19:08:45.113000
12403,100,business-track,True,2026-05-03 19:08:45.117000,2026-05-03 19:08:45.117000
12404,32,accounting-transactions,True,2026-05-03 19:08:45.123000,2026-05-03 19:08:45.123000
12405,32,business-track,True,2026-05-03 19:08:45.130000,2026-05-03 19:08:45.130000
12406,13,accounting-transactions,True,2026-05-03 19:08:45.137000,2026-05-03 19:08:45.137000
12407,13,business-track,True,2026-05-03 19:08:45.143000,2026-05-03 19:08:45.143000
12408,23,accounting-transactions,True,2026-05-03 19:08:45.150000,2026-05-03 19:08:45.150000
12409,23,business-track,True,2026-05-03 19:08:45.160000,2026-05-03 19:08:45.160000
12410,90,accounting-transactions,True,2026-05-03 19:08:45.160000,2026-05-03 19:08:45.160000
12411,90,business-track,True,2026-05-03 19:08:45.167000,2026-05-03 19:08:45.167000
12412,82,accounting-transactions,True,2026-05-03 19:08:45.173000,2026-05-03 19:08:45.173000
12413,82,business-track,True,2026-05-03 19:08:45.177000,2026-05-03 19:08:45.177000
12414,88,accounting-transactions,True,2026-05-03 19:08:45.180000,2026-05-03 19:08:45.180000
12415,88,business-track,True,2026-05-03 19:08:45.190000,2026-05-03 19:08:45.190000
12416,11,accounting-transactions,True,2026-05-03 19:08:45.193000,2026-05-03 19:08:45.193000
12417,11,business-track,True,2026-05-03 19:08:45.193000,2026-05-03 19:08:45.193000
12418,96,accounting-transactions,True,2026-05-03 19:08:45.200000,2026-05-03 19:08:45.200000
12419,96,business-track,True,2026-05-03 19:08:45.207000,2026-05-03 19:08:45.207000
12420,29,accounting-transactions,True,2026-05-03 19:08:45.210000,2026-05-03 19:08:45.210000
12421,29,business-track,True,2026-05-03 19:08:45.213000,2026-05-03 19:08:45.213000
12422,30,accounting-transactions,True,2026-05-03 19:08:45.220000,2026-05-03 19:08:45.220000
12423,30,business-track,True,2026-05-03 19:08:45.227000,2026-05-03 19:08:45.227000
12424,65,accounting-transactions,True,2026-05-03 19:08:45.230000,2026-05-03 19:08:45.230000
12425,65,business-track,True,2026-05-03 19:08:45.233000,2026-05-03 19:08:45.233000
12426,81,accounting-transactions,True,2026-05-03 19:08:45.240000,2026-05-03 19:08:45.240000
12427,81,business-track,True,2026-05-03 19:08:45.243000,2026-05-03 19:08:45.243000
12428,3,accounting-transactions,True,2026-05-03 19:08:45.247000,2026-05-03 19:08:45.247000
12429,3,business-track,True,2026-05-03 19:08:45.250000,2026-05-03 19:08:45.250000
12430,84,accounting-transactions,True,2026-05-03 19:08:45.260000,2026-05-03 19:08:45.260000
12431,84,business-track,True,2026-05-03 19:08:45.263000,2026-05-03 19:08:45.263000
12432,85,accounting-transactions,True,2026-05-03 19:08:45.273000,2026-05-03 19:08:45.273000
12433,85,business-track,True,2026-05-03 19:08:45.277000,2026-05-03 19:08:45.277000
12434,16,accounting-transactions,True,2026-05-03 19:08:45.280000,2026-05-03 19:08:45.280000
12435,16,business-track,True,2026-05-03 19:08:45.290000,2026-05-03 19:08:45.290000
12436,61,accounting-transactions,True,2026-05-03 19:08:45.293000,2026-05-03 19:08:45.293000
12437,61,business-track,True,2026-05-03 19:08:45.297000,2026-05-03 19:08:45.297000
12438,98,accounting-transactions,True,2026-05-03 19:08:45.307000,2026-05-03 19:08:45.307000
12439,98,business-track,True,2026-05-03 19:08:45.310000,2026-05-03 19:08:45.310000
12440,8,accounting-transactions,True,2026-05-03 19:08:45.313000,2026-05-03 19:08:45.313000
12441,8,business-track,True,2026-05-03 19:08:45.323000,2026-05-03 19:08:45.323000
12442,34,accounting-transactions,True,2026-05-03 19:08:45.327000,2026-05-03 19:08:45.327000
12443,34,business-track,True,2026-05-03 19:08:45.330000,2026-05-03 19:08:45.330000
12444,31,accounting-transactions,True,2026-05-03 19:08:45.333000,2026-05-03 19:08:45.333000
12445,31,business-track,True,2026-05-03 19:08:45.340000,2026-05-03 19:08:45.340000
12446,89,accounting-transactions,True,2026-05-03 19:08:45.343000,2026-05-03 19:08:45.343000
12447,89,business-track,True,2026-05-03 19:08:45.347000,2026-05-03 19:08:45.347000
12448,46,accounting-transactions,True,2026-05-03 19:08:45.357000,2026-05-03 19:08:45.357000
12449,46,business-track,True,2026-05-03 19:08:45.360000,2026-05-03 19:08:45.360000
12450,18,accounting-transactions,True,2026-05-03 19:08:45.367000,2026-05-03 19:08:45.367000
12451,18,business-track,True,2026-05-03 19:08:45.373000,2026-05-03 19:08:45.373000
12452,48,accounting-transactions,True,2026-05-03 19:08:45.380000,2026-05-03 19:08:45.380000
12453,48,business-track,True,2026-05-03 19:08:45.383000,2026-05-03 19:08:45.383000
12454,26,accounting-transactions,True,2026-05-03 19:08:45.393000,2026-05-03 19:08:45.393000
12455,26,business-track,True,2026-05-03 19:08:45.397000,2026-05-03 19:08:45.397000
12456,93,accounting-transactions,True,2026-05-03 19:08:45.403000,2026-05-03 19:08:45.403000
12457,93,business-track,True,2026-05-03 19:08:45.413000,2026-05-03 19:08:45.413000
12458,15,accounting-transactions,True,2026-05-03 19:08:45.420000,2026-05-03 19:08:45.420000
12459,15,business-track,True,2026-05-03 19:08:45.430000,2026-05-03 19:08:45.430000
12460,54,accounting-transactions,True,2026-05-03 19:08:45.437000,2026-05-03 19:08:45.437000
12461,54,business-track,True,2026-05-03 19:08:45.447000,2026-05-03 19:08:45.447000
12462,27,accounting-transactions,True,2026-05-03 19:08:45.453000,2026-05-03 19:08:45.453000
12463,27,business-track,True,2026-05-03 19:08:45.463000,2026-05-03 19:08:45.463000
12464,2,accounting-transactions,True,2026-05-03 19:08:45.467000,2026-05-03 19:08:45.467000
12465,2,business-track,True,2026-05-03 19:08:45.477000,2026-05-03 19:08:45.477000
12466,40,accounting-transactions,True,2026-05-03 19:08:45.480000,2026-05-03 19:08:45.480000
12467,40,business-track,True,2026-05-03 19:08:45.483000,2026-05-03 19:08:45.483000
12468,68,accounting-transactions,True,2026-05-03 19:08:45.487000,2026-05-03 19:08:45.487000
12469,68,business-track,True,2026-05-03 19:08:45.493000,2026-05-03 19:08:45.493000
12470,43,accounting-transactions,True,2026-05-03 19:08:45.497000,2026-05-03 19:08:45.497000
12471,43,business-track,True,2026-05-03 19:08:45.503000,2026-05-03 19:08:45.503000
12472,55,accounting-transactions,True,2026-05-03 19:08:45.513000,2026-05-03 19:08:45.513000
12473,55,business-track,True,2026-05-03 19:08:45.513000,2026-05-03 19:08:45.513000
12474,25,accounting-transactions,True,2026-05-03 19:08:45.517000,2026-05-03 19:08:45.517000
12475,25,business-track,True,2026-05-03 19:08:45.520000,2026-05-03 19:08:45.520000
12476,62,accounting-transactions,True,2026-05-03 19:08:45.530000,2026-05-03 19:08:45.530000
12477,62,business-track,True,2026-05-03 19:08:45.533000,2026-05-03 19:08:45.533000
12478,47,accounting-transactions,True,2026-05-03 19:08:45.540000,2026-05-03 19:08:45.540000
12479,47,business-track,True,2026-05-03 19:08:45.547000,2026-05-03 19:08:45.547000
12480,99,accounting-transactions,True,2026-05-03 19:08:45.550000,2026-05-03 19:08:45.550000
12481,99,business-track,True,2026-05-03 19:08:45.570000,2026-05-03 19:08:45.570000
12482,21,accounting-transactions,True,2026-05-03 19:08:45.573000,2026-05-03 19:08:45.573000
12483,21,business-track,True,2026-05-03 19:08:45.587000,2026-05-03 19:08:45.587000
12484,41,accounting-transactions,True,2026-05-03 19:08:45.590000,2026-05-03 19:08:45.590000
12485,41,business-track,True,2026-05-03 19:08:45.597000,2026-05-03 19:08:45.597000
12486,28,accounting-transactions,True,2026-05-03 19:08:45.607000,2026-05-03 19:08:45.607000
12487,28,business-track,True,2026-05-03 19:08:45.610000,2026-05-03 19:08:45.610000
12488,56,accounting-transactions,True,2026-05-03 19:08:45.620000,2026-05-03 19:08:45.620000
12489,56,business-track,True,2026-05-03 19:08:45.627000,2026-05-03 19:08:45.627000
12490,49,accounting-transactions,True,2026-05-03 19:08:45.633000,2026-05-03 19:08:45.633000
12491,49,business-track,True,2026-05-03 19:08:45.640000,2026-05-03 19:08:45.640000
12492,42,accounting-transactions,True,2026-05-03 19:08:45.640000,2026-05-03 19:08:45.640000
12493,42,business-track,True,2026-05-03 19:08:45.643000,2026-05-03 19:08:45.643000
12494,10,accounting-transactions,True,2026-05-03 19:08:45.653000,2026-05-03 19:08:45.653000
12495,10,business-track,True,2026-05-03 19:08:45.660000,2026-05-03 19:08:45.660000
12496,66,accounting-transactions,True,2026-05-03 19:08:45.660000,2026-05-03 19:08:45.660000
12497,66,business-track,True,2026-05-03 19:08:45.663000,2026-05-03 19:08:45.663000
12498,94,accounting-transactions,True,2026-05-03 19:08:45.670000,2026-05-03 19:08:45.670000
12499,94,business-track,True,2026-05-03 19:08:45.680000,2026-05-03 19:08:45.680000
12500,45,accounting-transactions,True,2026-05-03 19:08:45.680000,2026-05-03 19:08:45.680000
12501,45,business-track,True,2026-05-03 19:08:45.683000,2026-05-03 19:08:45.683000
12502,17,accounting-transactions,True,2026-05-03 19:08:45.693000,2026-05-03 19:08:45.693000
12503,17,business-track,True,2026-05-03 19:08:45.697000,2026-05-03 19:08:45.697000
12504,12,accounting-transactions,True,2026-05-03 19:08:45.747000,2026-05-03 19:08:45.747000
12505,12,business-track,True,2026-05-03 19:08:45.750000,2026-05-03 19:08:45.750000
12506,59,accounting-transactions,True,2026-05-03 19:08:45.760000,2026-05-03 19:08:45.760000
12507,59,business-track,True,2026-05-03 19:08:45.767000,2026-05-03 19:08:45.767000
12508,51,accounting-transactions,True,2026-05-03 19:08:45.770000,2026-05-03 19:08:45.770000
12509,51,business-track,True,2026-05-03 19:08:45.780000,2026-05-03 19:08:45.780000
12510,64,accounting-transactions,True,2026-05-03 19:08:45.787000,2026-05-03 19:08:45.787000
12511,64,business-track,True,2026-05-03 19:08:45.790000,2026-05-03 19:08:45.790000
12512,91,accounting-transactions,True,2026-05-03 19:08:45.800000,2026-05-03 19:08:45.800000
12513,91,business-track,True,2026-05-03 19:08:45.807000,2026-05-03 19:08:45.807000
12514,39,accounting-transactions,True,2026-05-03 19:08:45.820000,2026-05-03 19:08:45.820000
12515,39,business-track,True,2026-05-03 19:08:45.820000,2026-05-03 19:08:45.820000
12516,75,accounting-transactions,True,2026-05-03 19:08:45.830000,2026-05-03 19:08:45.830000
12517,75,business-track,True,2026-05-03 19:08:45.837000,2026-05-03 19:08:45.837000
12518,53,accounting-transactions,True,2026-05-03 19:08:45.837000,2026-05-03 19:08:45.837000
12519,53,business-track,True,2026-05-03 19:08:45.840000,2026-05-03 19:08:45.840000
12520,63,accounting-transactions,True,2026-05-03 19:08:45.850000,2026-05-03 19:08:45.850000
12521,63,business-track,True,2026-05-03 19:08:45.857000,2026-05-03 19:08:45.857000
12522,35,accounting-transactions,True,2026-05-03 19:08:45.860000,2026-05-03 19:08:45.860000
12523,35,business-track,True,2026-05-03 19:08:45.863000,2026-05-03 19:08:45.863000
12524,60,accounting-transactions,True,2026-05-03 19:08:45.873000,2026-05-03 19:08:45.873000
12525,60,business-track,True,2026-05-03 19:08:45.877000,2026-05-03 19:08:45.877000
12526,79,accounting-transactions,True,2026-05-03 19:08:45.880000,2026-05-03 19:08:45.880000
12527,79,business-track,True,2026-05-03 19:08:45.890000,2026-05-03 19:08:45.890000
12528,78,accounting-transactions,True,2026-05-03 19:08:45.893000,2026-05-03 19:08:45.893000
12529,78,business-track,True,2026-05-03 19:08:45.897000,2026-05-03 19:08:45.897000
12530,44,accounting-transactions,True,2026-05-03 19:08:45.903000,2026-05-03 19:08:45.903000
12531,44,business-track,True,2026-05-03 19:08:45.910000,2026-05-03 19:08:45.910000
12532,22,accounting-transactions,True,2026-05-03 19:08:45.913000,2026-05-03 19:08:45.913000
12533,22,business-track,True,2026-05-03 19:08:45.923000,2026-05-03 19:08:45.923000
12534,24,accounting-transactions,True,2026-05-03 19:08:45.927000,2026-05-03 19:08:45.927000
12535,24,business-track,True,2026-05-03 19:08:45.930000,2026-05-03 19:08:45.930000
12536,92,accounting-transactions,True,2026-05-03 19:08:45.937000,2026-05-03 19:08:45.937000
12537,92,business-track,True,2026-05-03 19:08:45.943000,2026-05-03 19:08:45.943000
12538,58,accounting-transactions,True,2026-05-03 19:08:45.943000,2026-05-03 19:08:45.943000
12539,58,business-track,True,2026-05-03 19:08:45.950000,2026-05-03 19:08:45.950000
12540,80,accounting-transactions,True,2026-05-03 19:08:45.960000,2026-05-03 19:08:45.960000
12541,80,business-track,True,2026-05-03 19:08:45.967000,2026-05-03 19:08:45.967000
12542,77,accounting-transactions,True,2026-05-03 19:08:45.977000,2026-05-03 19:08:45.977000
12543,77,business-track,True,2026-05-03 19:08:45.980000,2026-05-03 19:08:45.980000
12544,83,accounting-transactions,True,2026-05-03 19:08:45.983000,2026-05-03 19:08:45.983000
12545,83,business-track,True,2026-05-03 19:08:45.993000,2026-05-03 19:08:45.993000
12546,7,accounting-transactions,True,2026-05-03 19:08:45.997000,2026-05-03 19:08:45.997000
12547,7,business-track,True,2026-05-03 19:08:46.003000,2026-05-03 19:08:46.003000
12548,57,accounting-transactions,True,2026-05-03 19:08:46.010000,2026-05-03 19:08:46.010000
12549,57,business-track,True,2026-05-03 19:08:46.013000,2026-05-03 19:08:46.013000
12550,69,accounting-transactions,True,2026-05-03 19:08:46.017000,2026-05-03 19:08:46.017000
12551,69,business-track,True,2026-05-03 19:08:46.020000,2026-05-03 19:08:46.020000
12552,33,accounting-transactions,True,2026-05-03 19:08:46.030000,2026-05-03 19:08:46.030000
12553,33,business-track,True,2026-05-03 19:08:46.037000,2026-05-03 19:08:46.037000
12554,70,accounting-transactions,True,2026-05-03 19:08:46.050000,2026-05-03 19:08:46.050000
12555,70,business-track,True,2026-05-03 19:08:46.057000,2026-05-03 19:08:46.057000
12556,52,accounting-transactions,True,2026-05-03 19:08:46.067000,2026-05-03 19:08:46.067000
12557,52,business-track,True,2026-05-03 19:08:46.070000,2026-05-03 19:08:46.070000
12558,72,accounting-transactions,True,2026-05-03 19:08:46.070000,2026-05-03 19:08:46.070000
12559,72,business-track,True,2026-05-03 19:08:46.073000,2026-05-03 19:08:46.073000
12560,1,dashboard,True,2026-05-03 19:33:29.750000,2026-05-03 19:33:29.750000
12561,1,timespend,True,2026-05-03 19:33:29.757000,2026-05-03 19:33:29.757000
12562,1,sales,True,2026-05-03 19:33:29.767000,2026-05-03 19:33:29.767000
12563,1,sales-returns,True,2026-05-03 19:33:29.773000,2026-05-03 19:33:29.773000
12564,1,products,True,2026-05-03 19:33:29.783000,2026-05-03 19:33:29.783000
12565,1,purchase,True,2026-05-03 19:33:29.783000,2026-05-03 19:33:29.783000
12566,1,purchase-returns,True,2026-05-03 19:33:29.793000,2026-05-03 19:33:29.793000
12567,1,modern-purchase,True,2026-05-03 19:33:29.800000,2026-05-03 19:33:29.800000
12568,1,stockoperations,True,2026-05-03 19:33:29.803000,2026-05-03 19:33:29.803000
12569,1,category,True,2026-05-03 19:33:29.807000,2026-05-03 19:33:29.807000
12570,1,customers,True,2026-05-03 19:33:29.807000,2026-05-03 19:33:29.807000
12571,1,customerreceipt,True,2026-05-03 19:33:29.807000,2026-05-03 19:33:29.807000
12572,1,suppliers,True,2026-05-03 19:33:29.810000,2026-05-03 19:33:29.810000
12573,1,supplierpayment,True,2026-05-03 19:33:29.810000,2026-05-03 19:33:29.810000
12574,1,expenses,True,2026-05-03 19:33:29.810000,2026-05-03 19:33:29.810000
12575,1,expensestype,True,2026-05-03 19:33:29.817000,2026-05-03 19:33:29.817000
12576,1,currencies,True,2026-05-03 19:33:29.823000,2026-05-03 19:33:29.823000
12577,1,accounting,True,2026-05-03 19:33:29.827000,2026-05-03 19:33:29.827000
12578,1,cash-drawer,True,2026-05-03 19:33:29.833000,2026-05-03 19:33:29.833000
12579,1,journal_voucher,True,2026-05-03 19:33:29.840000,2026-05-03 19:33:29.840000
12580,1,voucher_subtype,True,2026-05-03 19:33:29.840000,2026-05-03 19:33:29.840000
12581,1,employees,True,2026-05-03 19:33:29.847000,2026-05-03 19:33:29.847000
12582,1,company,True,2026-05-03 19:33:29.867000,2026-05-03 19:33:29.867000
12583,1,roles,True,2026-05-03 19:33:29.883000,2026-05-03 19:33:29.883000
12584,1,appointments,True,2026-05-03 19:33:29.890000,2026-05-03 19:33:29.890000
12585,1,reports,True,2026-05-03 19:33:29.893000,2026-05-03 19:33:29.893000
12586,1,statistical-reports,True,2026-05-03 19:33:29.900000,2026-05-03 19:33:29.900000
12587,1,backup,True,2026-05-03 19:33:29.907000,2026-05-03 19:33:29.907000
